text,label
"Implemented caching to reduce API latency by 40%",strong
"Worked on a project",weak
"Led a team of 5 engineers to deliver a microservices architecture",strong
"Did some coding",weak
"Developed RESTful APIs using Spring Boot",medium
"Built a website",weak
"Designed and implemented a new Java Spring Boot microservice to monitor system interactions",strong
"Fixed bugs",weak
"Enhanced website and registration services using NextJs and Optimizely, acquiring thousands of customers",strong
"Made changes to the codebase",weak
"Spearheaded the P11 initiative, delivering a full-scale website redesign with animations and tap-to-pay support",strong
"Updated the UI",weak
"Engineered a dynamic pricing toggle in Contentful to automate price changes across CMS environments, contributing to an $8M ARR increase",strong
"Worked with databases",weak
"Investigated and resolved critical issues related to bank payment processing, diagnosing root causes of failing transactions",strong
"Helped with testing",weak
"Built a NestJS microservice to store Contentful data in AWS S3, reducing reliance on third-party vendors and decreasing Contentful uptime costs by 15%",strong
"Used React for frontend development",medium
"Developed secure Google Web SSO and unique teacher data management for the Greenlight For Classrooms initiative using Cognito and NextAuth",strong
"Created some components",weak
"Designed and implemented a standardized content release pipeline using Contentful webhooks, GitHub Actions, and Percy visual testing",strong
"Participated in development of a distributed REST-based microservice architecture of ~20 interconnected apps in an Agile environment",medium
"Wrote unit tests",medium
"Used TensorFlow and Django REST to build an AI model simulating stock trading based on sentiment analysis",strong
"Attended meetings",weak
"Integrated Alpha Vantage and News APIs for live financial data and news aggregation",medium
"Collaborated with team members",weak
"Taught a virtual front-end development course focused on JavaScript, React, Redux, and full CRUD app building",medium
"Learned new technologies",weak
"Created coding exercises, helped with project-based assignments, and provided 1:1 virtual support to students",medium
"Designed an accessible website supporting screen readers for a club focused on STEM tools for visually impaired students",medium
"Contributed to UI improvements of an internal data-sharing tool using React, enabling more intuitive data management across teams",medium
"Built and deployed backend search functionality for the Learning Center, significantly improving content discoverability and user experience",strong
"Developed a targeted investor promotion feature using Optimizely, improving conversion through contextual promos during plan selection",strong
"Led the Family Shield initiative to expand platform inclusivity across generations, integrating new React landing experiences with updated backend logic",strong
"Led scrum ceremonies and knowledge transfer sessions, fostering team collaboration and success",medium
"Mentored aspiring developers, fostering a supportive environment and helping build foundational tech skills",medium
"Won 1st place among all intern teams for the machine learning NLP application",strong
"Reduced server response time by 30% through database query optimization",strong
"Increased user engagement by 25% by implementing A/B testing framework",strong
"Deployed application to production",weak
"Optimized database queries to improve performance",medium
"Created documentation for the project",weak
"Implemented authentication system using JWT tokens",medium
"Added new features to the application",weak
"Reduced deployment time from 2 hours to 15 minutes by automating CI/CD pipeline",strong
"Improved code quality by implementing code review process",medium
"Fixed production bugs",weak
"Scaled application to handle 10x traffic increase using load balancing and caching",strong
"Refactored legacy code to improve maintainability",medium
"Attended daily standup meetings",weak
"Implemented comprehensive error handling and logging system",medium
"Created unit tests with 80% code coverage",medium
"Reduced memory usage by 40% through code optimization",strong
"Implemented real-time notifications using WebSockets",medium
"Migrated application from monolithic to microservices architecture",strong
"Improved application security by implementing OAuth 2.0",medium
"Reduced customer churn by 20% through data-driven feature improvements",strong
"Increased internal tools by 40% by improving configuration management",strong
"Led a cross-functional team of 6 to deliver a complex migration, impacting core product KPIs",strong
"Established a standardized process for the reporting dashboard, reducing errors by 35%",strong
"Designed and launched the login flow, resulting in a 50% lift in user activation",strong
"Reduced the reporting dashboard by 70% through improving configuration management",strong
"Increased the CI/CD pipeline by 50% by parallelizing batch jobs",strong
"Increased a critical microservice by 35% by reworking frontend layouts",strong
"Automated internal tools, saving 10 hours per month in manual work",strong
"Optimized the reporting dashboard, improving conversion rate by 40%",strong
"Refactored internal tools to handle 8x traffic without performance degradation",strong
"Reduced the payment system by 30% through compressing media assets",strong
"Designed and launched a data pipeline, resulting in a 25% lift in feature adoption",strong
"Increased a public API by 35% by tuning indexes",strong
"Automated the mobile app, saving 15 hours per month in manual work",strong
"Increased internal tools by 35% by implementing caching",strong
"Optimized a critical microservice, improving deployment frequency by 40%",strong
"Established a standardized process for a critical microservice, reducing errors by 25%",strong
"Designed and launched a public API, resulting in a 50% lift in page load time",strong
"Automated the CI/CD pipeline, saving 20 hours per month in manual work",strong
"Reduced a public API by 45% through optimizing database queries",strong
"Implemented monitoring on the login flow to cut incidents by 25%",strong
"Refactored the marketing website to handle 5x traffic without performance degradation",strong
"Increased the CI/CD pipeline by 25% by parallelizing batch jobs",strong
"Developed and rolled out the mobile app, increasing on-time delivery by 30%",strong
"Automated the reporting dashboard, saving 30 hours per month in manual work",strong
"Increased the marketing website by 50% by compressing media assets",strong
"Reduced a data pipeline by 40% through tuning indexes",strong
"Optimized a data pipeline, improving error rate by 35%",strong
"Implemented monitoring on a critical microservice to cut incidents by 50%",strong
"Established a standardized process for the CI/CD pipeline, reducing errors by 15%",strong
"Designed and launched a critical microservice, resulting in a 20% lift in conversion rate",strong
"Refactored the payment system to handle 10x traffic without performance degradation",strong
"Automated the login flow, saving 25 hours per month in manual work",strong
"Reduced internal tools by 20% through reworking frontend layouts",strong
"Developed and rolled out the CI/CD pipeline, increasing deployment frequency by 35%",strong
"Optimized the payment system, improving trial-to-paid conversion by 30%",strong
"Established a standardized process for a data pipeline, reducing errors by 40%",strong
"Increased a data pipeline by 35% by improving configuration management",strong
"Designed and launched internal tools, resulting in a 45% lift in feature adoption",strong
"Implemented monitoring on a data pipeline to cut incidents by 50%",strong
"Increased a public API by 25% by introducing asynchronous processing",strong
"Automated the payment system, saving 40 hours per month in manual work",strong
"Refactored the CI/CD pipeline to handle 4x traffic without performance degradation",strong
"Reduced internal tools by 15% through removing unnecessary network calls",strong
"Optimized the marketing website, improving page load time by 60%",strong
"Developed and rolled out a critical microservice, increasing customer retention by 20%",strong
"Implemented monitoring on the CI/CD pipeline to cut incidents by 35%",strong
"Designed and launched the reporting dashboard, resulting in a 30% lift in feature adoption",strong
"Established a standardized process for the mobile app, reducing errors by 20%",strong
"Automated a critical microservice, saving 15 hours per month in manual work",strong
"Increased the reporting dashboard by 50% by compressing media assets",strong
"Reduced a public API by 30% through implementing caching",strong
"Refactored the login flow to handle 3x traffic without performance degradation",strong
"Optimized the CI/CD pipeline, improving deployment frequency by 45%",strong
"Developed and rolled out the payment system, increasing conversion rate by 25%",strong
"Implemented monitoring on the reporting dashboard to cut incidents by 40%",strong
"Increased the mobile app by 35% by reworking frontend layouts",strong
"Automated a public API, saving 20 hours per month in manual work",strong
"Established a standardized process for a public API, reducing errors by 30%",strong
"Reduced a data pipeline by 25% through parallelizing batch jobs",strong
"Designed and launched internal tools, resulting in a 40% lift in on-time delivery",strong
"Refactored a data pipeline to handle 5x traffic without performance degradation",strong
"Optimized a critical microservice, improving error rate by 50%",strong
"Implemented monitoring on internal tools to cut incidents by 35%",strong
"Automated the marketing website, saving 30 hours per month in manual work",strong
"Increased the login flow by 25% by improving configuration management",strong
"Established a standardized process for the payment system, reducing errors by 40%",strong
"Reduced a critical microservice by 45% through tuning indexes",strong
"Designed and launched the CI/CD pipeline, resulting in a 35% lift in deployment frequency",strong
"Developed and rolled out the mobile app, increasing feature adoption by 30%",strong
"Refactored the reporting dashboard to handle 8x traffic without performance degradation",strong
"Optimized internal tools, improving customer retention by 20%",strong
"Implemented monitoring on a data pipeline to cut incidents by 25%",strong
"Increased a critical microservice by 30% by introducing asynchronous processing",strong
"Automated a data pipeline, saving 25 hours per month in manual work",strong
"Established a standardized process for the CI/CD pipeline, reducing errors by 25%",strong
"Reduced the mobile app by 20% through removing unnecessary network calls",strong
"Designed and launched a public API, resulting in a 45% lift in trial-to-paid conversion",strong
"Refactored the payment system to handle 6x traffic without performance degradation",strong
"Optimized the login flow, improving page load time by 35%",strong
"Implemented monitoring on the payment system to cut incidents by 50%",strong
"Developed and rolled out internal tools, increasing on-time delivery by 25%",strong
"Automated the reporting dashboard, saving 10 hours per month in manual work",strong
"Increased the CI/CD pipeline by 40% by parallelizing batch jobs",strong
"Established a standardized process for the reporting dashboard, reducing errors by 30%",strong
"Reduced a public API by 50% through compressing media assets",strong
"Designed and launched internal tools, resulting in a 20% lift in feature adoption",strong
"Refactored internal tools to handle 3x traffic without performance degradation",strong
"Optimized a public API, improving conversion rate by 30%",strong
"Implemented monitoring on the mobile app to cut incidents by 35%",strong
"Developed and rolled out a critical microservice, increasing customer retention by 25%",strong
"Automated the login flow, saving 15 hours per month in manual work",strong
"Increased a data pipeline by 35% by tuning indexes",strong
"Established a standardized process for a data pipeline, reducing errors by 20%",strong
"Reduced internal tools by 30% through improving configuration management",strong
"Designed and launched the marketing website, resulting in a 50% lift in user activation",strong
"Refactored a data pipeline to handle 10x traffic without performance degradation",strong
"Optimized the CI/CD pipeline, improving deployment frequency by 35%",strong
"Implemented monitoring on a critical microservice to cut incidents by 40%",strong
"Developed and rolled out the reporting dashboard, increasing feature adoption by 25%",strong
"Automated a public API, saving 40 hours per month in manual work",strong
"Increased the payment system by 25% by implementing caching",strong
"Established a standardized process for the login flow, reducing errors by 15%",strong
"Reduced a data pipeline by 40% through parallelizing batch jobs",strong
"Designed and launched internal tools, resulting in a 30% lift in on-time delivery",strong
"Refactored the mobile app to handle 4x traffic without performance degradation",strong
"Optimized a critical microservice, improving error rate by 35%",strong
"Implemented monitoring on the CI/CD pipeline to cut incidents by 25%",strong
"Developed and rolled out the marketing website, increasing conversion rate by 20%",strong
"Automated the payment system, saving 20 hours per month in manual work",strong
"Increased internal tools by 35% by reworking frontend layouts",strong
"Established a standardized process for the payment system, reducing errors by 40%",strong
"Reduced the login flow by 30% through removing unnecessary network calls",strong
"Designed and launched a data pipeline, resulting in a 25% lift in feature adoption",strong
"Refactored the reporting dashboard to handle 5x traffic without performance degradation",strong
"Optimized the mobile app, improving page load time by 45%",strong
"Implemented monitoring on a public API to cut incidents by 50%",strong
"Developed and rolled out a data pipeline, increasing trial-to-paid conversion by 30%",strong
"Automated the CI/CD pipeline, saving 25 hours per month in manual work",strong
"Increased a critical microservice by 40% by optimizing database queries",strong
"Established a standardized process for the mobile app, reducing errors by 25%",strong
"Reduced the reporting dashboard by 20% through compressing media assets",strong
"Designed and launched a critical microservice, resulting in a 35% lift in core product KPIs",strong
"Refactored internal tools to handle 8x traffic without performance degradation",strong
"Optimized the payment system, improving customer retention by 25%",strong
"Implemented monitoring on internal tools to cut incidents by 35%",strong
"Developed and rolled out the login flow, increasing user activation by 30%",strong
"Automated the marketing website, saving 30 hours per month in manual work",strong
"Increased a data pipeline by 50% by introducing asynchronous processing",strong
"Established a standardized process for a public API, reducing errors by 20%",strong
"Reduced a critical microservice by 45% through tuning indexes",strong
"Designed and launched the reporting dashboard, resulting in a 40% lift in feature adoption",strong
"Refactored the CI/CD pipeline to handle 6x traffic without performance degradation",strong
"Optimized internal tools, improving deployment frequency by 35%",strong
"Implemented monitoring on the payment system to cut incidents by 25%",strong
"Developed and rolled out the mobile app, increasing trial-to-paid conversion by 25%",strong
"Automated a data pipeline, saving 10 hours per month in manual work",strong
"Increased the marketing website by 30% by compressing media assets",strong
"Established a standardized process for the CI/CD pipeline, reducing errors by 30%",strong
"Reduced a public API by 35% through improving configuration management",strong
"Designed and launched the login flow, resulting in a 20% lift in conversion rate",strong
"Refactored a data pipeline to handle 3x traffic without performance degradation",strong
"Optimized a critical microservice, improving error rate by 50%",strong
"Implemented monitoring on the reporting dashboard to cut incidents by 40%",strong
"Developed and rolled out internal tools, increasing on-time delivery by 25%",strong
"Automated the payment system, saving 15 hours per month in manual work",strong
"Increased the CI/CD pipeline by 25% by parallelizing batch jobs",strong
"Established a standardized process for the marketing website, reducing errors by 15%",strong
"Reduced the mobile app by 30% through reworking frontend layouts",strong
"Designed and launched a public API, resulting in a 50% lift in feature adoption",strong
"Refactored the reporting dashboard to handle 8x traffic without performance degradation",strong
"Optimized the login flow, improving page load time by 40%",strong
"Implemented monitoring on a data pipeline to cut incidents by 35%",strong
"Developed and rolled out a critical microservice, increasing core product KPIs by 20%",strong
"Automated internal tools, saving 20 hours per month in manual work",strong
"Increased a public API by 35% by implementing caching",strong
"Established a standardized process for the payment system, reducing errors by 25%",strong
"Reduced the CI/CD pipeline by 40% through removing unnecessary network calls",strong
"Designed and launched internal tools, resulting in a 30% lift in on-time delivery",strong
"Refactored the payment system to handle 4x traffic without performance degradation",strong
"Optimized the marketing website, improving user activation by 35%",strong
"Implemented monitoring on the mobile app to cut incidents by 25%",strong
"Developed and rolled out the reporting dashboard, increasing feature adoption by 30%",strong
"Automated the login flow, saving 25 hours per month in manual work",strong
"Increased a data pipeline by 40% by optimizing database queries",strong
"Established a standardized process for internal tools, reducing errors by 20%",strong
"Reduced the reporting dashboard by 25% through compressing media assets",strong
"Designed and launched the payment system, resulting in a 35% lift in conversion rate",strong
"Refactored a critical microservice to handle 5x traffic without performance degradation",strong
"Optimized a public API, improving page load time by 50%",strong
"Implemented monitoring on internal tools to cut incidents by 35%",strong
"Developed and rolled out the CI/CD pipeline, increasing deployment frequency by 30%",strong
"Automated the marketing website, saving 40 hours per month in manual work",strong
"Increased the login flow by 25% by reworking frontend layouts",strong
"Established a standardized process for the reporting dashboard, reducing errors by 30%",strong
"Reduced a data pipeline by 45% through tuning indexes",strong
"Designed and launched a critical microservice, resulting in a 20% lift in customer retention",strong
"Refactored internal tools to handle 10x traffic without performance degradation",strong
"Optimized the payment system, improving trial-to-paid conversion by 25%",strong
"Implemented monitoring on a public API to cut incidents by 50%",strong
"Developed and rolled out the mobile app, increasing feature adoption by 20%",strong
"Automated the CI/CD pipeline, saving 10 hours per month in manual work",strong
"Increased a critical microservice by 50% by introducing asynchronous processing",strong
"Established a standardized process for the login flow, reducing errors by 15%",strong
"Reduced a public API by 30% through improving configuration management",strong
"Designed and launched the reporting dashboard, resulting in a 25% lift in core product KPIs",strong
"Refactored a data pipeline to handle 3x traffic without performance degradation",strong
"Optimized the mobile app, improving page load time by 35%",strong
"Implemented monitoring on the payment system to cut incidents by 25%",strong
"Developed and rolled out internal tools, increasing on-time delivery by 25%",strong
"Automated a data pipeline, saving 20 hours per month in manual work",strong
"Increased the marketing website by 40% by compressing media assets",strong
"Established a standardized process for a data pipeline, reducing errors by 20%",strong
"Reduced the login flow by 35% through removing unnecessary network calls",strong
"Designed and launched a public API, resulting in a 30% lift in feature adoption",strong
"Refactored a critical microservice to handle 6x traffic without performance degradation",strong
"Optimized the CI/CD pipeline, improving deployment frequency by 40%",strong
"Implemented monitoring on the reporting dashboard to cut incidents by 35%",strong
"Developed and rolled out the payment system, increasing conversion rate by 25%",strong
"Automated the marketing website, saving 30 hours per month in manual work",strong
"Increased a data pipeline by 30% by tuning indexes",strong
"Established a standardized process for the mobile app, reducing errors by 25%",strong
"Reduced internal tools by 20% through improving configuration management",strong
"Designed and launched the login flow, resulting in a 45% lift in user activation",strong
"Refactored the reporting dashboard to handle 8x traffic without performance degradation",strong
"Optimized a public API, improving page load time by 35%",strong
"Implemented monitoring on internal tools to cut incidents by 40%",strong
"Developed and rolled out a critical microservice, increasing customer retention by 25%",strong
"Automated the CI/CD pipeline, saving 25 hours per month in manual work",strong
"Increased the payment system by 35% by implementing caching",strong
"Established a standardized process for the CI/CD pipeline, reducing errors by 30%",strong
"Reduced a data pipeline by 40% through parallelizing batch jobs",strong
"Designed and launched the marketing website, resulting in a 20% lift in conversion rate",strong
"Refactored internal tools to handle 4x traffic without performance degradation",strong
"Optimized the mobile app, improving feature adoption by 30%",strong
"Implemented monitoring on a public API to cut incidents by 25%",strong
"Developed and rolled out the reporting dashboard, increasing core product KPIs by 20%",strong
"Automated the login flow, saving 15 hours per month in manual work",strong
"Increased a critical microservice by 25% by optimizing database queries",strong
"Established a standardized process for the payment system, reducing errors by 25%",strong
"Reduced the reporting dashboard by 25% through compressing media assets",strong
"Collaborated with product managers to refine requirements",medium
"Documented runbooks to support onboarding and knowledge transfer",medium
"Implemented Datadog to support incident response",medium
"Contributed to development of search suggestions in a React/Node stack",medium
"Created reusable UI components to speed up code review",medium
"Improved monitoring dashboards by adopting performance profiling",medium
"Assisted with sprint planning for the platform team",medium
"Maintained the data warehouse and resolved routine issues",medium
"Wrote integration tests for the authentication service",medium
"Helped migrate onboarding guides from spreadsheets to AWS",medium
"Collaborated with designers to design user flows",medium
"Documented onboarding guides to support onboarding and knowledge transfer",medium
"Implemented Grafana to support A/B testing",medium
"Contributed to development of dark mode in a Next.js stack",medium
"Created reusable automation scripts to speed up change management",medium
"Improved security guidelines by adopting code reviews",medium
"Assisted with backlog grooming for the growth team",medium
"Maintained the monitoring stack and resolved routine issues",medium
"Wrote integration tests for the billing module",medium
"Helped migrate API contracts from a legacy system to Kubernetes",medium
"Collaborated with data scientists to validate hypotheses with data",medium
"Documented architecture diagrams to support onboarding and knowledge transfer",medium
"Implemented Jenkins to support release management",medium
"Contributed to development of audit logging in a Java/Spring Boot stack",medium
"Created reusable Terraform modules to speed up access provisioning",medium
"Improved test plans by adopting test-driven development",medium
"Assisted with on-call rotations for the security team",medium
"Maintained the support portal and resolved routine issues",medium
"Wrote integration tests for the notifications system",medium
"Helped migrate monitoring dashboards from cron jobs to AWS",medium
"Collaborated with QA engineers to define acceptance criteria",medium
"Documented onboarding guides to support onboarding and knowledge transfer",medium
"Implemented CircleCI to support continuous integration",medium
"Contributed to development of multi-language support in an Angular/NestJS stack",medium
"Created reusable design system tokens to speed up feature implementation",medium
"Improved release notes by adopting performance profiling",medium
"Assisted with incident response for the infrastructure team",medium
"Maintained the feature flag platform and resolved routine issues",medium
"Wrote integration tests for the search feature",medium
"Helped migrate API contracts from shared drives to managed services",medium
"Collaborated with stakeholders to prioritize backlog items",medium
"Documented security guidelines to support onboarding and knowledge transfer",medium
"Implemented GitHub Actions to support code review",medium
"Contributed to development of export to CSV in a Python/Django stack",medium
"Created reusable SQL templates to speed up reporting",medium
"Improved data dictionaries by adopting documentation best practices",medium
"Assisted with change management for the data team",medium
"Maintained the internal tooling suite and resolved routine issues",medium
"Wrote integration tests for the checkout flow",medium
"Helped migrate feature specs from on-premise servers to Azure",medium
"Collaborated with designers to run usability tests",medium
"Documented architecture diagrams to support onboarding and knowledge transfer",medium
"Implemented Sentry to support error tracking",medium
"Contributed to development of saved searches in a Go microservices stack",medium
"Created reusable API client libraries to speed up integration work",medium
"Improved monitoring dashboards by adopting SLO-based alerting",medium
"Assisted with backlog grooming for the web team",medium
"Maintained the staging environment and resolved routine issues",medium
"Wrote integration tests for the user settings page",medium
"Helped migrate onboarding guides from custom scripts to a modern data stack",medium
"Collaborated with marketing partners to refine requirements",medium
"Documented test plans to support onboarding and knowledge transfer",medium
"Implemented New Relic to support performance monitoring",medium
"Contributed to development of role-based permissions in a Vue.js stack",medium
"Created reusable feature flags to speed up experimentation",medium
"Improved runbooks by adopting blameless postmortems",medium
"Assisted with A/B testing for the growth team",medium
"Maintained the knowledge base and resolved routine issues",medium
"Wrote integration tests for the reporting engine",medium
"Helped migrate release notes from FTP-based transfers to GCP",medium
"Collaborated with customer success managers to validate hypotheses with data",medium
"Documented security guidelines to support onboarding and knowledge transfer",medium
"Implemented PagerDuty to support on-call rotations",medium
"Contributed to development of webhooks in a .NET Core stack",medium
"Created reusable test fixtures to speed up integration testing",medium
"Improved monitoring dashboards by adopting performance profiling",medium
"Assisted with code review for the mobile team",medium
"Maintained the support portal and resolved routine issues",medium
"Wrote integration tests for the admin dashboard",medium
"Helped migrate monitoring dashboards from manual processes to managed services",medium
"Collaborated with QA engineers to refine requirements",medium
"Documented feature specs to support onboarding and knowledge transfer",medium
"Implemented Prometheus to support monitoring",medium
"Contributed to development of infinite scrolling in a React/Node stack",medium
"Created reusable CLI tools to speed up data exports",medium
"Improved onboarding guides by adopting documentation best practices",medium
"Assisted with incident response for the payments team",medium
"Maintained the logging pipeline and resolved routine issues",medium
"Wrote integration tests for the file upload service",medium
"Helped migrate data dictionaries from spreadsheets to Snowflake",medium
"Collaborated with security engineers to define acceptance criteria",medium
"Documented release notes to support onboarding and knowledge transfer",medium
"Implemented Grafana to support monitoring dashboards",medium
"Contributed to development of bulk editing in a Next.js stack",medium
"Created reusable report templates to speed up analytics",medium
"Improved architecture diagrams by adopting design reviews",medium
"Assisted with backlog grooming for the data team",medium
"Maintained the feature flag platform and resolved routine issues",medium
"Wrote integration tests for the notifications system",medium
"Helped migrate runbooks from shared drives to AWS",medium
"Collaborated with stakeholders to design user flows",medium
"Documented monitoring dashboards to support onboarding and knowledge transfer",medium
"Implemented Jenkins to support CI/CD",medium
"Contributed to development of audit logging in a Java/Spring Boot stack",medium
"Created reusable automation scripts to speed up change management",medium
"Improved security guidelines by adopting SLO-based alerting",medium
"Assisted with code review for the infrastructure team",medium
"Maintained the CI/CD system and resolved routine issues",medium
"Wrote integration tests for the authentication service",medium
"Helped migrate onboarding guides from cron jobs to managed services",medium
"Collaborated with product managers to prioritize backlog items",medium
"Documented API contracts to support onboarding and knowledge transfer",medium
"Implemented CircleCI to support continuous integration",medium
"Contributed to development of search suggestions in an Angular/NestJS stack",medium
"Created reusable UI components to speed up feature development",medium
"Improved test plans by adopting test-driven development",medium
"Assisted with sprint planning for the mobile team",medium
"Maintained the design system and resolved routine issues",medium
"Wrote integration tests for the checkout flow",medium
"Helped migrate release notes from spreadsheets to a modern data stack",medium
"Collaborated with designers to run usability tests",medium
"Documented runbooks to support onboarding and knowledge transfer",medium
"Implemented Datadog to support incident response",medium
"Contributed to development of dark mode in a React/Node stack",medium
"Created reusable design system tokens to speed up UI implementation",medium
"Improved architecture diagrams by adopting design reviews",medium
"Assisted with backlog grooming for the web team",medium
"Maintained the support portal and resolved routine issues",medium
"Wrote integration tests for the reporting engine",medium
"Helped migrate feature specs from a monolith to Kubernetes",medium
"Collaborated with data scientists to validate hypotheses with data",medium
"Documented security guidelines to support onboarding and knowledge transfer",medium
"Implemented GitHub Actions to support code review",medium
"Contributed to development of export to CSV in a Python/Django stack",medium
"Created reusable SQL templates to speed up analytics",medium
"Improved monitoring dashboards by adopting performance profiling",medium
"Assisted with incident response for the platform team",medium
"Maintained the logging pipeline and resolved routine issues",medium
"Wrote integration tests for the file upload service",medium
"Helped migrate API contracts from on-premise servers to AWS",medium
"Collaborated with marketing partners to refine requirements",medium
"Documented onboarding guides to support onboarding and knowledge transfer",medium
"Implemented Sentry to support error tracking",medium
"Contributed to development of role-based permissions in a Vue.js stack",medium
"Created reusable API client libraries to speed up integrations",medium
"Improved runbooks by adopting blameless postmortems",medium
"Assisted with on-call rotations for the security team",medium
"Maintained the staging environment and resolved routine issues",medium
"Wrote integration tests for the user settings page",medium
"Helped migrate monitoring dashboards from custom scripts to managed services",medium
"Collaborated with support agents to prioritize backlog items",medium
"Documented feature specs to support onboarding and knowledge transfer",medium
"Implemented New Relic to support performance monitoring",medium
"Contributed to development of saved searches in a Go microservices stack",medium
"Created reusable report templates to speed up reporting",medium
"Improved data dictionaries by adopting documentation best practices",medium
"Assisted with change management for the marketing team",medium
"Maintained the knowledge base and resolved routine issues",medium
"Wrote integration tests for the admin dashboard",medium
"Helped migrate release notes from FTP-based transfers to GCP",medium
"Collaborated with stakeholders to design user flows",medium
"Documented monitoring dashboards to support onboarding and knowledge transfer",medium
"Implemented PagerDuty to support on-call rotations",medium
"Contributed to development of webhooks in a .NET Core stack",medium
"Created reusable test fixtures to speed up integration testing",medium
"Improved onboarding guides by adopting documentation best practices",medium
"Assisted with code review for the payments team",medium
"Maintained the internal tooling suite and resolved routine issues",medium
"Wrote integration tests for the search feature",medium
"Helped migrate data dictionaries from spreadsheets to Snowflake",medium
"Collaborated with QA engineers to define acceptance criteria",medium
"Documented release notes to support onboarding and knowledge transfer",medium
"Implemented Prometheus to support monitoring",medium
"Contributed to development of bulk editing in a Next.js stack",medium
"Created reusable CLI tools to speed up data exports",medium
"Improved test plans by adopting test-driven development",medium
"Assisted with A/B testing for the growth team",medium
"Maintained the feature flag platform and resolved routine issues",medium
"Wrote integration tests for the notifications system",medium
"Helped migrate runbooks from shared drives to AWS",medium
"Worked on code changes",weak
"Helped with testing",weak
"Did tasks related to documentation",weak
"Assisted on a project about releases",weak
"Was responsible for various tasks",weak
"Participated in meetings",weak
"Supported bugs",weak
"Shadowed team members during tickets",weak
"Did some work in frontend",weak
"Handled various tasks as needed",weak
"Worked on reports",weak
"Helped with features",weak
"Did tasks related to scripts",weak
"Assisted on a project about bugs",weak
"Was responsible for general development work",weak
"Participated in code changes",weak
"Supported documentation",weak
"Shadowed team members during testing",weak
"Did some work in backend",weak
"Handled various tasks as needed",weak
"Worked on tickets",weak
"Helped with meetings",weak
"Did tasks related to code changes",weak
"Assisted on a project about releases",weak
"Was responsible for multiple responsibilities",weak
"Participated in documentation",weak
"Supported features",weak
"Shadowed team members during scripts",weak
"Did some work in DevOps",weak
"Handled various tasks as needed",weak
"Worked on bugs",weak
"Helped with reports",weak
"Did tasks related to tickets",weak
"Assisted on a project about testing",weak
"Was responsible for day-to-day operations",weak
"Participated in scripts",weak
"Supported meetings",weak
"Shadowed team members during documentation",weak
"Did some work in data analysis",weak
"Handled various tasks as needed",weak
"Worked on features",weak
"Helped with code changes",weak
"Did tasks related to bugs",weak
"Assisted on a project about reports",weak
"Was responsible for different projects",weak
"Participated in tickets",weak
"Supported releases",weak
"Shadowed team members during meetings",weak
"Did some work in testing",weak
"Handled various tasks as needed",weak
"Worked on scripts",weak
"Helped with documentation",weak
"Did tasks related to meetings",weak
"Assisted on a project about tickets",weak
"Was responsible for helping out where needed",weak
"Participated in bugs",weak
"Supported code changes",weak
"Shadowed team members during features",weak
"Did some work in documentation",weak
"Handled various tasks as needed",weak
"Worked on documentation",weak
"Helped with releases",weak
"Did tasks related to features",weak
"Assisted on a project about code changes",weak
"Was responsible for supporting the team",weak
"Participated in testing",weak
"Supported tickets",weak
"Shadowed team members during reports",weak
"Did some work in UX",weak
"Handled various tasks as needed",weak
"Worked on meetings",weak
"Helped with bugs",weak
"Did tasks related to releases",weak
"Assisted on a project about documentation",weak
"Was responsible for assorted duties",weak
"Participated in scripts",weak
"Supported reports",weak
"Shadowed team members during tickets",weak
"Did some work in cloud infrastructure",weak
"Handled various tasks as needed",weak
"Worked on releases",weak
"Helped with features",weak
"Did tasks related to scripts",weak
"Assisted on a project about meetings",weak
"Was responsible for ongoing work",weak
"Participated in bugs",weak
"Supported documentation",weak
"Shadowed team members during code changes",weak
"Did some work in support",weak
"Handled various tasks as needed",weak
"Worked on tickets",weak
"Helped with reports",weak
"Did tasks related to documentation",weak
"Assisted on a project about features",weak
"Was responsible for routine assignments",weak
"Participated in releases",weak
"Supported meetings",weak
"Shadowed team members during bugs",weak
"Did some work in operations",weak
"Handled various tasks as needed",weak
"Worked on features",weak
"Helped with tickets",weak
"Did tasks related to reports",weak
"Assisted on a project about scripts",weak
"Was responsible for various tasks",weak
"Participated in documentation",weak
"Supported releases",weak
"Shadowed team members during testing",weak
"Did some work in frontend",weak
"Handled various tasks as needed",weak
"Worked on scripts",weak
"Helped with code changes",weak
"Did tasks related to meetings",weak
"Assisted on a project about tickets",weak
"Was responsible for general development work",weak
"Participated in bugs",weak
"Supported features",weak
"Shadowed team members during reports",weak
"Did some work in backend",weak
"Handled various tasks as needed",weak
"Worked on documentation",weak
"Helped with testing",weak
"Did tasks related to tickets",weak
"Assisted on a project about releases",weak
"Was responsible for multiple responsibilities",weak
"Participated in scripts",weak
"Supported reports",weak
"Shadowed team members during code changes",weak
"Did some work in DevOps",weak
"Handled various tasks as needed",weak
"Worked on tickets",weak
"Helped with documentation",weak
"Did tasks related to bugs",weak
"Assisted on a project about meetings",weak
"Was responsible for day-to-day operations",weak
"Participated in features",weak
"Supported bugs",weak
"Shadowed team members during tickets",weak
"Did some work in testing",weak
"Handled various tasks as needed",weak
"Worked on bugs",weak
"Helped with reports",weak
"Did tasks related to releases",weak
"Assisted on a project about documentation",weak
"Was responsible for different projects",weak
"Participated in tickets",weak
"Supported meetings",weak
"Shadowed team members during scripts",weak
"Did some work in documentation",weak
"Handled various tasks as needed",weak
"Worked on meetings",weak
"Helped with features",weak
"Did tasks related to documentation",weak
"Assisted on a project about reports",weak
"Was responsible for helping out where needed",weak
"Participated in bugs",weak
"Supported tickets",weak
"Shadowed team members during releases",weak
"Did some work in data analysis",weak
"Handled various tasks as needed",weak